quantile,resid,share
10%,Rural,0.137904293
10%,Urban,0.031809501
20%,Rural,0.134488058
20%,Urban,0.038244649
30%,Rural,0.130518417
30%,Urban,0.045445471
40%,Rural,0.123711085
40%,Urban,0.0575403
50%,Rural,0.116020845
50%,Urban,0.071171254
60%,Rural,0.108401731
60%,Urban,0.084879427
70%,Rural,0.090477759
70%,Urban,0.117193092
80%,Rural,0.075879407
80%,Urban,0.143071507
90%,Rural,0.055572
90%,Urban,0.179767576
100%,Rural,0.027026406
100%,Urban,0.230877223
