quantile,Rural,Urban
10%,0.137904293,0.031809501
20%,0.134488058,0.038244649
30%,0.130518417,0.045445471
40%,0.123711085,0.0575403
50%,0.116020845,0.071171254
60%,0.108401731,0.084879427
70%,0.090477759,0.117193092
80%,0.075879407,0.143071507
90%,0.055572,0.179767576
100%,0.027026406,0.230877223
